-- Mock Data for A11 Investment Fund - Complete Database Seed

-- ============================================================================
-- 1. USERS TABLE
-- ============================================================================
-- INSERT INTO users (
--     wallet_address, email, phone_number, display_name, auth_method, 
--     profile_image, last_login_at, login_count, created_at, updated_at
-- ) VALUES
-- ('0x742d35cc6634c0532925a3b844bc454e4438f44e', 'john.smith@email.com', '+1-555-0101', 'John Smith', 'metamask', 
--  NULL, datetime('now', '-2 hours'), 45, '2023-03-15 10:00:00', datetime('now', '-2 hours')),

-- ('0x5aaeb6053f3e94c9b9a09f33669435e7ef1beaed', 'sarah.wilson@email.com', '+1-555-0102', 'Sarah Wilson', 'email', 
--  NULL, datetime('now', '-1 day'), 128, '2023-02-01 14:00:00', datetime('now', '-1 day')),

-- ('0xdd870fa1b7c4700f2bd7f44238821c26f7392148', 'mike.johnson@email.com', NULL, 'Mike Johnson', 'google', 
--  NULL, datetime('now', '-5 hours'), 67, '2023-06-10 16:00:00', datetime('now', '-5 hours'));

-- ============================================================================
-- 2. FUNDS TABLE
-- ============================================================================
INSERT INTO funds (
    id, fund_name, total_aum, total_shares_outstanding, current_nav_per_share,
    inception_date, performance_mtd, performance_ytd, performance_inception,
    sharpe_ratio, max_drawdown, volatility, all_time_high_nav, all_time_low_nav,
    last_updated
) VALUES (
    1, 'A11 Digital Asset Fund', 12500000.00, 100000.00000000, 125.00000000,
    '2023-01-15', 8.45, 34.67, 125.00,
    1.85, -18.34, 22.45, 145.50000000, 85.00000000,
    datetime('now')
);

-- ============================================================================
-- 3. USER SHARES TABLE
-- ============================================================================
INSERT INTO user_shares (wallet_address, fund_id, total_shares, cost_basis, initial_investment_date) VALUES
('0x742d35cc6634c0532925a3b844bc454e4438f44e', 1, 150.50000000, 12500.00, '2023-03-15'),
('0x5aaeb6053f3e94c9b9a09f33669435e7ef1beaed', 1, 500.75000000, 45000.00, '2023-02-01'),
('0xdd870fa1b7c4700f2bd7f44238821c26f7392148', 1, 75.25000000, 8500.00, '2023-06-10'),
('0xA730f3727390F9437854E2ACB68f879E0f827374', 1, 100.00000000, 10000.00, '2023-08-20');
-- ============================================================================
-- 4. FUND PERFORMANCE TABLE (Last 90 days)
-- ============================================================================
INSERT INTO fund_performance (fund_id, date, nav_per_share, total_aum, daily_return) VALUES
-- December 2024
(1, '2024-12-24', 125.00, 12500000.00, 0.015),
(1, '2024-12-23', 123.15, 12315000.00, -0.008),
(1, '2024-12-22', 124.14, 12414000.00, 0.022),
(1, '2024-12-21', 121.47, 12147000.00, 0.012),
(1, '2024-12-20', 120.03, 12003000.00, -0.015),
(1, '2024-12-19', 121.85, 12185000.00, 0.018),
(1, '2024-12-18', 119.69, 11969000.00, -0.012),
(1, '2024-12-17', 121.14, 12114000.00, 0.025),
(1, '2024-12-16', 118.18, 11818000.00, 0.008),
(1, '2024-12-15', 117.24, 11724000.00, -0.018),
(1, '2024-12-14', 119.38, 11938000.00, 0.015),
(1, '2024-12-13', 117.61, 11761000.00, 0.012),
(1, '2024-12-12', 116.21, 11621000.00, -0.009),
(1, '2024-12-11', 117.26, 11726000.00, 0.021),
(1, '2024-12-10', 114.84, 11484000.00, -0.014),
(1, '2024-12-09', 116.47, 11647000.00, 0.018),
(1, '2024-12-08', 114.41, 11441000.00, 0.011),
(1, '2024-12-07', 113.16, 11316000.00, -0.022),
(1, '2024-12-06', 115.71, 11571000.00, 0.014),
(1, '2024-12-05', 114.12, 11412000.00, 0.009),
(1, '2024-12-04', 113.10, 11310000.00, -0.016),
(1, '2024-12-03', 114.93, 11493000.00, 0.024),
(1, '2024-12-02', 112.24, 11224000.00, -0.011),
(1, '2024-12-01', 113.47, 11347000.00, 0.017),
-- November 2024
(1, '2024-11-30', 111.58, 11158000.00, 0.012),
(1, '2024-11-29', 110.25, 11025000.00, -0.019),
(1, '2024-11-28', 112.38, 11238000.00, 0.025),
(1, '2024-11-27', 109.64, 10964000.00, 0.008),
(1, '2024-11-26', 108.77, 10877000.00, -0.013),
(1, '2024-11-25', 110.21, 11021000.00, 0.016),
(1, '2024-11-24', 108.47, 10847000.00, -0.011),
(1, '2024-11-23', 109.67, 10967000.00, 0.019),
(1, '2024-11-22', 107.63, 10763000.00, -0.008),
(1, '2024-11-21', 108.49, 10849000.00, 0.014),
(1, '2024-11-20', 106.99, 10699000.00, -0.021),
(1, '2024-11-19', 109.30, 10930000.00, 0.023),
(1, '2024-11-18', 106.84, 10684000.00, 0.007),
(1, '2024-11-17', 106.10, 10610000.00, -0.015),
(1, '2024-11-16', 107.71, 10771000.00, 0.018),
(1, '2024-11-15', 105.82, 10582000.00, -0.010),
(1, '2024-11-14', 106.89, 10689000.00, 0.013),
(1, '2024-11-13', 105.52, 10552000.00, -0.017),
(1, '2024-11-12', 107.35, 10735000.00, 0.020),
(1, '2024-11-11', 105.24, 10524000.00, 0.009),
(1, '2024-11-10', 104.30, 10430000.00, -0.012),
(1, '2024-11-09', 105.57, 10557000.00, 0.016),
(1, '2024-11-08', 103.91, 10391000.00, -0.008),
(1, '2024-11-07', 104.74, 10474000.00, 0.011),
(1, '2024-11-06', 103.60, 10360000.00, -0.019),
(1, '2024-11-05', 105.59, 10559000.00, 0.025),
(1, '2024-11-04', 102.99, 10299000.00, -0.014),
(1, '2024-11-03', 104.44, 10444000.00, 0.018),
(1, '2024-11-02', 102.61, 10261000.00, 0.006),
(1, '2024-11-01', 102.00, 10200000.00, 0.010),
-- October 2024
(1, '2024-10-31', 100.99, 10099000.00, -0.013),
(1, '2024-10-30', 102.32, 10232000.00, 0.017),
(1, '2024-10-29', 100.61, 10061000.00, -0.009),
(1, '2024-10-28', 101.52, 10152000.00, 0.012),
(1, '2024-10-27', 100.32, 10032000.00, -0.018),
(1, '2024-10-26', 102.17, 10217000.00, 0.022),
(1, '2024-10-25', 99.97, 9997000.00, -0.007),
(1, '2024-10-24', 100.67, 10067000.00, 0.014),
(1, '2024-10-23', 99.28, 9928000.00, -0.011),
(1, '2024-10-22', 100.39, 10039000.00, 0.019),
(1, '2024-10-21', 98.52, 9852000.00, -0.015),
(1, '2024-10-20', 100.01, 10001000.00, 0.021),
(1, '2024-10-19', 97.95, 9795000.00, 0.008),
(1, '2024-10-18', 97.18, 9718000.00, -0.012),
(1, '2024-10-17', 98.35, 9835000.00, 0.016),
(1, '2024-10-16', 96.82, 9682000.00, -0.020),
(1, '2024-10-15', 98.80, 9880000.00, 0.024),
(1, '2024-10-14', 96.50, 9650000.00, -0.010),
(1, '2024-10-13', 97.47, 9747000.00, 0.013),
(1, '2024-10-12', 96.22, 9622000.00, -0.016),
(1, '2024-10-11', 97.78, 9778000.00, 0.019),
(1, '2024-10-10', 95.95, 9595000.00, 0.007),
(1, '2024-10-09', 95.29, 9529000.00, -0.014),
(1, '2024-10-08', 96.63, 9663000.00, 0.018),
(1, '2024-10-07', 94.94, 9494000.00, -0.011),
(1, '2024-10-06', 95.99, 9599000.00, 0.015),
(1, '2024-10-05', 94.57, 9457000.00, -0.009),
(1, '2024-10-04', 95.43, 9543000.00, 0.012),
(1, '2024-10-03', 94.30, 9430000.00, -0.017),
(1, '2024-10-02', 95.92, 9592000.00, 0.020),
(1, '2024-10-01', 94.03, 9403000.00, 0.011),
-- September 2024 (last 4 days)
(1, '2024-09-30', 93.00, 9300000.00, -0.013),
(1, '2024-09-29', 94.22, 9422000.00, 0.016),
(1, '2024-09-28', 92.74, 9274000.00, -0.008),
(1, '2024-09-27', 93.48, 9348000.00, 0.010),
(1, '2024-09-26', 92.55, 9255000.00, 0.005);

-- ============================================================================
-- 5. TRANSACTIONS TABLE
-- ============================================================================
INSERT INTO transactions (
    wallet_address, fund_id, transaction_type, share_quantity, share_price, 
    total_usd_value, transaction_hash, status, created_at, confirmed_at
) VALUES
-- Confirmed transactions
('0x742d35cc6634c0532925a3b844bc454e4438f44e', 1, 'MINT', 150.50000000, 100.00000000, 15050.00, 
 '0x8b7d4c7f2e1a3b5c8d9e6f4a2b1c3d5e7f8a9b0c1d2e3f4a5b6c7d8e9f0a1b2c', 'CONFIRMED', 
 '2023-03-15 10:30:00', '2023-03-15 10:35:00'),

('0x5aaeb6053f3e94c9b9a09f33669435e7ef1beaed', 1, 'MINT', 400.75000000, 90.00000000, 36067.50,
 '0x1a2b3c4d5e6f7a8b9c0d1e2f3a4b5c6d7e8f9a0b1c2d3e4f5a6b7c8d9e0f1a2b', 'CONFIRMED',
 '2023-02-01 14:22:00', '2023-02-01 14:28:00'),

('0xdd870fa1b7c4700f2bd7f44238821c26f7392148', 1, 'MINT', 75.25000000, 113.00000000, 8503.25,
 '0x5e6f7a8b9c0d1e2f3a4b5c6d7e8f9a0b1c2d3e4f5a6b7c8d9e0f1a2b3c4d5e6f', 'CONFIRMED',
 '2023-06-10 16:45:00', '2023-06-10 16:50:00'),

('0x5aaeb6053f3e94c9b9a09f33669435e7ef1beaed', 1, 'MINT', 100.00000000, 110.00000000, 11000.00,
 '0x9d8e7f6a5b4c3d2e1f0a9b8c7d6e5f4a3b2c1d0e9f8a7b6c5d4e3f2a1b0c9d8e', 'CONFIRMED',
 '2023-08-20 11:15:00', '2023-08-20 11:20:00'),

('0x742d35cc6634c0532925a3b844bc454e4438f44e', 1, 'REDEEM', 25.00000000, 120.00000000, 3000.00,
 '0x3c4d5e6f7a8b9c0d1e2f3a4b5c6d7e8f9a0b1c2d3e4f5a6b7c8d9e0f1a2b3c4d', 'CONFIRMED',
 '2024-11-15 09:15:00', '2024-11-15 09:22:00'),

-- Pending transaction
('0x5aaeb6053f3e94c9b9a09f33669435e7ef1beaed', 1, 'MINT', 50.00000000, 125.00000000, 6250.00,
 '0x7a8b9c0d1e2f3a4b5c6d7e8f9a0b1c2d3e4f5a6b7c8d9e0f1a2b3c4d5e6f7a8b', 'PENDING',
 datetime('now', '-2 hours'), NULL),

-- Additional historical transactions
('0x742d35cc6634c0532925a3b844bc454e4438f44e', 1, 'MINT', 25.00000000, 95.00000000, 2375.00,
 '0x4f5a6b7c8d9e0f1a2b3c4d5e6f7a8b9c0d1e2f3a4b5c6d7e8f9a0b1c2d3e4f5', 'CONFIRMED',
 '2023-04-10 14:20:00', '2023-04-10 14:25:00'),

('0xdd870fa1b7c4700f2bd7f44238821c26f7392148', 1, 'DISTRIBUTION', 5.50000000, 0.00000000, 687.50,
 '0x6e7f8a9b0c1d2e3f4a5b6c7d8e9f0a1b2c3d4e5f6a7b8c9d0e1f2a3b4c5d6e7', 'CONFIRMED',
 '2024-12-10 00:00:00', '2024-12-10 00:05:00');

-- ============================================================================
-- 6. FUND ACTIVITIES TABLE
-- ============================================================================
INSERT INTO fund_activities (fund_id, activity_type, description, amount, asset_symbol, created_at) VALUES
(1, 'TRADE', 'Purchased 2.5 BTC at $42,150', 105375.00, 'BTC', '2024-12-23 14:30:00'),
(1, 'TRADE', 'Sold 15 ETH at $2,280', 34200.00, 'ETH', '2024-12-22 10:15:00'),
(1, 'REBALANCE', 'Quarterly rebalancing: Adjusted BTC allocation from 52% to 50%', NULL, NULL, '2024-12-20 09:00:00'),
(1, 'FEE_COLLECTION', 'Quarterly management fee collected (2% annual)', 62500.00, 'USD', '2024-12-15 00:00:00'),
(1, 'TRADE', 'Purchased 8 ETH at $2,310', 18480.00, 'ETH', '2024-12-18 15:45:00'),
(1, 'DISTRIBUTION', 'Q4 2024 distribution to shareholders', 125000.00, 'USD', '2024-12-10 00:00:00'),
(1, 'TRADE', 'Sold 1.2 BTC at $41,800', 50160.00, 'BTC', '2024-12-08 11:20:00'),
(1, 'REBALANCE', 'Monthly rebalancing: USD position increased to 20%', NULL, NULL, '2024-12-01 09:00:00'),
(1, 'TRADE', 'Purchased 10 ETH at $2,250', 22500.00, 'ETH', '2024-11-28 13:30:00'),
(1, 'FEE_COLLECTION', 'Performance fee collected (20% of profits)', 45000.00, 'USD', '2024-11-15 00:00:00'),
(1, 'TRADE', 'Purchased 3 BTC at $40,500', 121500.00, 'BTC', '2024-11-10 10:45:00'),
(1, 'REBALANCE', 'Monthly rebalancing: Adjusted ETH allocation to 30%', NULL, NULL, '2024-11-01 09:00:00'),
(1, 'TRADE', 'Sold 20 ETH at $2,100', 42000.00, 'ETH', '2024-10-25 16:30:00'),
(1, 'DISTRIBUTION', 'Q3 2024 distribution to shareholders', 110000.00, 'USD', '2024-10-10 00:00:00'),
(1, 'TRADE', 'Purchased 5 ETH at $2,050', 10250.00, 'ETH', '2024-10-15 14:20:00'),
(1, 'REBALANCE', 'Quarterly rebalancing: Adjusted portfolio allocations', NULL, NULL, '2024-09-30 09:00:00');

-- ============================================================================
-- 7. PORTFOLIO ASSETS TABLE
-- ============================================================================
INSERT INTO portfolio_assets (
    fund_id, asset_symbol, asset_name, quantity, current_price, cost_basis,
    current_value, weight_percentage, target_weight, unrealized_pnl, 
    unrealized_pnl_percentage, price_change_24h, last_updated
) VALUES
(1, 'BTC', 'Bitcoin', 148.50000000, 42250.00000000, 38500.00000000,
 6274125.00, 50.19, 50.00, 556725.00, 9.73, 1.85, datetime('now')),

(1, 'ETH', 'Ethereum', 1650.25000000, 2285.00000000, 2100.00000000,
 3771821.25, 30.17, 30.00, 305296.25, 8.81, -0.45, datetime('now')),

(1, 'USD', 'US Dollar', 2454053.75, 1.00000000, 1.00000000,
 2454053.75, 19.63, 20.00, 0.00, 0.00, 0.00, datetime('now'));

-- ============================================================================
-- 8. MARKET DATA TABLE
-- ============================================================================
INSERT INTO market_data (
    asset_symbol, current_price, price_change_24h, price_change_7d,
    volume_24h, market_cap, last_updated
) VALUES
('BTC', 42250.00000000, 1.85, 5.23, 28500000000.00, 826000000000.00, datetime('now')),
('ETH', 2285.00000000, -0.45, 3.67, 15200000000.00, 274000000000.00, datetime('now')),
('USD', 1.00000000, 0.00, 0.00, NULL, NULL, datetime('now'));